<?xml version="1.0" encoding="utf-8"?>
<assembly name="Companion">
	<area name="companionwidget">
		<entry name="CompanionWidget" type="" comment="Text that automatically appears in Search box.">Search</entry>
		<entry name="CompanionWidgetDescription" type="" comment="">Browse, search and print Companion documentation.</entry>
		<entry name="msgLoading" type="" comment="">Loading...</entry>
	</area>
	<area name="window1">
		<entry name="Back3" type="ToolTip" comment="">Back</entry>
		<entry name="Forward4" type="ToolTip" comment="">Forward</entry>
		<entry name="RecentDocuments" type="ToolTip" comment="">Recent Documents</entry>
		<entry name="Print" type="ToolTip" comment="">Print Document</entry>
		<entry name="PrintContent" type="" comment="">Print</entry>
		<entry name="syncTocButton" type="ToolTip" comment="">Synchronize the Contents view with the Document view</entry>
		<entry name="syncToc" type="Button" comment="Synchronize the contents tree to select the current open document">Sync TOC</entry>
		<entry name="Help" type="ToolTip" comment="">Help</entry>
	</area>
	<area name="navigationarea">
		<entry name="CBItemAllTitle" type="ComboBox" comment="">All</entry>
		<entry name="tabSearch" type="" comment="">Search</entry>
		<entry name="capSearchType" type="" comment="">Type:</entry>
		<entry name="RadioButtonTitle" type="RadioButton" comment="">Simple</entry>
		<entry name="RadioButtonTitle8" type="ToolTip" comment="">Performs a local search in the Title and ID fields</entry>
		<entry name="RadioButtonM3" type="RadioButton" comment="">M3</entry>
		<entry name="RadioButtonM39" type="ToolTip" comment="">Perform a server search for the M3 Companion. A more specific search query can be created here and the search result will also include a summary.</entry>
		<entry name="capSearchIn" type="" comment="">Search In</entry>
		<entry name="searchTitleTextBlock" type="" comment="">Search</entry>
		<entry name="capSearchOn" type="" comment="">Search On</entry>
		<entry name="CBItemAll" type="ComboBox" comment="">All</entry>
		<entry name="CBItemTitle" type="ComboBox" comment="">Title</entry>
		<entry name="CBItemContents" type="ComboBox" comment="">Contents</entry>
		<entry name="CBItemProgram" type="ComboBox" comment="">Program</entry>
		<entry name="CBItemDocID" type="ComboBox" comment="">Document ID</entry>
		<entry name="searchTextBlock" type="" comment="">Search</entry>
		<entry name="DocumentTypesExpander" type="" comment="">Select Document Types</entry>
		<entry name="ApplicationsExpander" type="" comment="">Select Applications</entry>
		<entry name="capApplicationGroup" type="" comment="">Application</entry>
		<entry name="capApplication" type="" comment="Translators: Module refers to an M3 module on the lowest level of the application hierarchy, such as 'Accounts Payable' or 'General Ledger'.">Module</entry>
		<entry name="tabContents" type="" comment="">Contents</entry>
		<entry name="tabIndex" type="" comment="Tab label. Index is a noun.">Index (M3)</entry>
	</area>
	<area name="StringDictionary">
		<entry name="CouldNotExecuteSearch" type="" comment="">The search was not successful. Verify that you used only valid characters in your search.</entry>
		<entry name="SearchHits" type="" comment="">Hits</entry>
		<entry name="SearchNoHits" type="" comment="">No Hits</entry>
		<entry name="TreeNotLoaded" type="" comment="">Could not load Companion tree</entry>
		<entry name="ApplicationsNotLoaded" type="" comment="$Content(Application refers to an M3 application (a grouping of modules) in the application hierarchy, such as 'Financial Controlling' or 'Supply Chain Execution'. The translation might differ from the generic translation of 'application' as in any computer program (in other words, we're not talking about MS Word or a similar application here).)">Could not load applications</entry>
		<entry name="TypesNotLoaded" type="" comment="">Could not load document types</entry>
		<entry name="CompanionToolTip" type="" comment="">Companion - Documentation Viewer</entry>
		<entry name="CouldNotLoadS3Document" type="" comment="">The document could not be loaded since no S3 base url was available in the profile.</entry>
		<entry name="CouldNotLoadM3Document" type="" comment="">The document could not be loaded since no M3 base url was available in the profile.</entry>
		<entry name="Copyright" type="" comment="">© Copyright {0} Lawson Software. All rights reserved. Do not distribute or reproduce without proper authorization.</entry>
		<entry name="Application" type="" comment="">Application</entry>
		<entry name="Document" type="" comment="">Document</entry>
	</area>
	<area name="Mashup">
		<entry name="NavigationAreaDescription" type="" comment="">Displays the navigation view from Companion</entry>
		<entry name="DocumentFrameDescription" type="" comment="">Displays a document from Companion</entry>
	</area>
</assembly>
