<?xml version="1.0" encoding="utf-8"?>
<assembly name="Groove.Client">
	<area name="widgets/groovewidget">
		<entry name="GrooveWidget" type="" comment="">Groove</entry>
		<entry name="FindMember" type="" comment="">Find Member</entry>
		<entry name="ConnectionFailed" type="" comment="">Connection failed...</entry>
		<entry name="GrooveNotInstalled" type="" comment="Do not translate Groove, is a Microsoft trademarked name.">Groove is not installed.</entry>
		<entry name="GrooveNotRunning" type="" comment="Do not translate Groove, is a Microsoft trademarked name.">Groove is not running.</entry>
		<entry name="SelectRefreshToStartSubscription" type="tooltip" comment="Instruction on action">After starting Groove, right click on the widget title for a context menu and select 'Refresh' to receive messages from Groove.</entry>
		<entry name="HdrAddContact" type="" comment="">Add Contact</entry>
		<entry name="HdrOpenWorkspace" type="Header" comment="Message box header">The Workspace {0} could not be opened.</entry>
		<entry name="MsgOpenWorkspace" type="Message" comment="Message box description">Please verify that Groove is running.</entry>
		<entry name="MsgAddContact" type="" comment="">Before you can put a member on the canvas, the member must be added to your personal contacts. Do you want to add this member to your personal contacts?</entry>
		<entry name="FailedAddContact" type="" comment="">Could not add member to personal contacts</entry>
		<entry name="ContactAlreadyExists" type="" comment="">The user is already in the personal contacts list</entry>
		<entry name="ContactDoesNotExists" type="" comment="">The contact {0} is not in the personal contacts list so you can not start a chat session. Please add the contact to your personal contact list using Groove and verify that Groove is running.</entry>
		<entry name="AddContactMenu" type="Menu" comment="">Add to Contacts</entry>		
		<entry name="RecieveMessageMenu" type="Menu" comment="">Read message</entry>
		<entry name="IconGroove" type="" comment="">G</entry>
		<entry name="capGrooveAvailibility" type="" comment="">Groove is not available</entry>
		<entry name="btnTryAgain" type="" comment="">Try Again</entry>
		<entry name="msgConnecting" type="" comment="">Connecting...</entry>
		<entry name="capActiveLabel" type="" comment="">Active Workspace</entry>
		<entry name="btnLaunchWorkspace" type="ToolTip" comment="">Launch Workspace</entry>
		<entry name="capFilterOutName" type="" comment="Default text in the input field in the Message Center user dialog. 'member' just means a person that is automatically listed as online or offline in a type of chat list.">Find Member</entry>
		<entry name="ShowAllMembers" type="ToolTip" comment="">Show all members</entry>
		<entry name="HideOfflineMembers" type="ToolTip" comment="">Hide offline members</entry>

	</area>
	<area name="stringdictionary">
		<entry name="GrooveContact" type="" comment="Groove is non-translatable, MS product.">Groove contact</entry>
		<entry name="GrooveWidgetDescription" type="" comment="">Collaborate and communicate with colleagues in shared Groove workspaces.</entry>
		<entry name="WidgetTitleGroove" type="widgettitle" comment="$Content( These are widget titles. See the translator's guide for some screen capture examples. Do not translate Groove)">Groove Workspaces</entry>
		<entry name="hdrGrooveChat" type="" comment="Do not translate Groove, is a Microsoft trademarked name.">Groove Chat</entry>
		<entry name="GrooveChatDescription" type="" comment="Do not translate Groove, is a Microsoft trademarked name.">The Groove Chat channel for messages from your Groove contacts.</entry>
		<entry name="hdrGrooveEvents" type="" comment="Do not translate Groove, is a Microsoft trademarked name.">Groove Events</entry>
		<entry name="GrooveEventsDescription" type="" comment="Do not translate Groove, is a Microsoft trademarked name.">Get notifications from the launched MS Office Workspace to the Inbox and Communicator widgets.</entry>
		<entry name="CalendarEventAdd" type="" comment="Do not translate Groove, is a Microsoft trademarked name.">Groove calendar entry added</entry>
		<entry name="CalendarEventUpdate" type="" comment="Do not translate Groove, is a Microsoft trademarked name.">Groove calendar entry updated</entry>
		<entry name="FileEventAddDescription" type="" comment="Do not translate Groove, is a Microsoft trademarked name.">The Groove file {0} has been added.</entry>
		<entry name="FileEventAdd" type="" comment="Do not translate Groove, is a Microsoft trademarked name.">A Groove file has been added</entry>
		<entry name="FileEventUpdateDescription" type="" comment="Do not translate Groove, is a Microsoft trademarked name.">The Groove file {0} has been updated.</entry>
		<entry name="FileEventUpdate" type="" comment="Do not translate Groove, is a Microsoft trademarked name.">A Groove file has been updated</entry>
		<entry name="capStart" type="" comment="">Start:</entry>
		<entry name="capEnd" type="" comment="">End:</entry>
		<entry name="capAllDay" type="" comment="">All day:</entry>
		<entry name="Yes" type="" comment="">Yes</entry>
		<entry name="No" type="" comment="">No</entry>
		<entry name="msgErrorCommunicationChannel" type="" comment="Do not translate Groove, is a Microsoft trademarked name.">Communication problem. Please check if Groove is running.</entry>
		<entry name="hdrPublishGrooveWarning" type="" comment="Do not translate Groove, is a Microsoft trademarked name.">Publish to Groove failed</entry>
		<entry name="msgErrorInvalidShortcut" type="" comment="">The shortcut does not contain a link to a function.</entry>
		<entry name="msgWarningFileLink" type="" comment="">This shortcut contains a link to a file ({0}). Note that the file itself will not be published, only the link. Are you sure you want to publish this link?</entry>
		<entry name="hdrPublishToGrooveShortcut" type="" comment="Do not translate Groove, is a Microsoft trademarked name.">Publish to Groove</entry>
		<entry name="hdrPublishToGrooveWidget" type="" comment="Do not translate Groove, is a Microsoft trademarked name.">Publish Widget Settings to Groove</entry>
		<entry name="hdrPublishToGrooveSuccess" type="" comment="">File Published</entry>
		<entry name="msgPublishToGrooveSuccessDetail" type="" comment="Do not translate Groove, is a Microsoft trademarked name.">The file has been added to the Groove Workspace {0}</entry>
		<entry name="hdrPublishToGrooveError" type="" comment="Do not translate Groove, is a Microsoft trademarked name.">Publish to Groove failed</entry>
		<entry name="msgPublishToGrooveErrorDetail" type="" comment="Do not translate Groove, is a Microsoft trademarked name.">The file could not be created. Please check if Groove is running.</entry>
		<entry name="hdrOpenWorkspaceFailed" type="" comment="Do not translate Groove, is a Microsoft trademarked name.">Could not open {0}</entry>
		<entry name="msgOpenWorkspaceFailed" type="" comment="Do not translate Groove, is a Microsoft trademarked name.">The workspace {0} could not be opened. Please check that Groove is running and that you have a {0} workspace.</entry>
		<entry name="hdrOpenWorkspaceFailedCommon" type="" comment="Do not translate Groove, is a Microsoft trademarked name.">Open Groove Workspace failed</entry>
		<entry name="msgOpenWorkspaceFailedCommon" type="" comment="Do not translate Groove, is a Microsoft trademarked name.">The workspace could not be opened. Please check that Groove is running.</entry>
	</area>
</assembly>