<?xml version="1.0" encoding="utf-8"?>
<assembly name="LBI.Client">
	<area name="source/notifications/controls/watchwizard/alertpage">
		<entry name="hdrPrompt" type="" comment="">Please specify alert information for your watch.</entry>
		<entry name="cgcbItemWhen" type="ComboBox" comment="">When</entry>
		<entry name="capAnd" type="ComboBox" comment="">And</entry>
		<entry name="capOr" type="ComboBox" comment="">Or</entry>
		<entry name="capIsGreaterThan_decimal" type="ComboBox" comment="">is greater than</entry>
		<entry name="capIsGreaterThanOrEqualTo_decimal" type="ComboBox" comment="">is greater than or equal to</entry>
		<entry name="capIsLessThan_decimal" type="ComboBox" comment="">is less than</entry>
		<entry name="capIsLessThanOrEqualTo_decimal" type="ComboBox" comment="">is less than or equal to</entry>
		<entry name="capEqualsLabel_decimal" type="ComboBox" comment="">equals</entry>
		<entry name="capDoesNotEqual_decimal" type="ComboBox" comment="">does not equal</entry>
		<entry name="capGoesUpByThisOrMore_decimal" type="ComboBox" comment="">goes up by this or more</entry>
		<entry name="capGoesUpByThisPercentOrMore_decimal" type="ComboBox" comment="">goes up by this percent or more</entry>
		<entry name="capGoesDownByThisOrMore_decimal" type="ComboBox" comment="">goes down by this or more</entry>
		<entry name="capGoesDownByThisPercentOrMore_decimal" type="ComboBox" comment="">goes down by this percent or more</entry>
		<entry name="capIsGreaterThan_integer" type="ComboBox" comment="">is greater than</entry>
		<entry name="capIsGreaterThanOrEqualTo_integer" type="ComboBox" comment="">is greater than or equal to</entry>
		<entry name="capIsLessThan_integer" type="ComboBox" comment="">is less than</entry>
		<entry name="capIsLessThanOrEqualTo_integer" type="ComboBox" comment="">is less than or equal to</entry>
		<entry name="capEqualsLabel_integer" type="ComboBox" comment="">equals</entry>
		<entry name="capDoesNotEqual_integer" type="ComboBox" comment="">does not equal</entry>
		<entry name="capGoesUpByThisOrMore_integer" type="ComboBox" comment="">goes up by this or more</entry>
		<entry name="capGoesUpByThisPercentOrMore_integer" type="ComboBox" comment="">goes up by this percent or more</entry>
		<entry name="capGoesDownByThisOrMore_integer" type="ComboBox" comment="">goes down by this or more</entry>
		<entry name="capGoesDownByThisPercentOrMore_integer" type="ComboBox" comment="">goes down by this percent or more</entry>
		<entry name="capIsGreaterThan_string" type="ComboBox" comment="">is greater than</entry>
		<entry name="capIsGreaterThanOrEqualTo_string" type="ComboBox" comment="">is greater than or equal to</entry>
		<entry name="capIsLessThan_string" type="ComboBox" comment="">is less than</entry>
		<entry name="capIsLessThanOrEqualTo_string" type="ComboBox" comment="">is less than or equal to</entry>
		<entry name="capEqualsLabel_string" type="ComboBox" comment="">equals</entry>
		<entry name="capDoesNotEqual_string" type="ComboBox" comment="">does not equal</entry>
		<entry name="capGoesUpByThisOrMore_string" type="ComboBox" comment="">goes up by this or more</entry>
		<entry name="capGoesUpByThisPercentOrMore_string" type="ComboBox" comment="">goes up by this percent or more</entry>
		<entry name="capGoesDownByThisOrMore_string" type="ComboBox" comment="">goes down by this or more</entry>
		<entry name="capGoesDownByThisPercentOrMore_string" type="ComboBox" comment="">goes down by this percent or more</entry>
		<entry name="capIsGreaterThan_date" type="ComboBox" comment="">is greater than</entry>
		<entry name="capIsGreaterThanOrEqualTo_date" type="ComboBox" comment="">is greater than or equal to</entry>
		<entry name="capIsLessThan_date" type="ComboBox" comment="">is less than</entry>
		<entry name="capIsLessThanOrEqualTo_date" type="ComboBox" comment="">is less than or equal to</entry>
		<entry name="capEqualsLabel_date" type="ComboBox" comment="">equals</entry>
		<entry name="capDoesNotEqual_date" type="ComboBox" comment="">does not equal</entry>
		<entry name="capGoesUpByThisOrMore_date" type="ComboBox" comment="">goes up by this or more</entry>
		<entry name="capGoesUpByThisPercentOrMore_date" type="ComboBox" comment="">goes up by this percent or more</entry>
		<entry name="capGoesDownByThisOrMore_date" type="ComboBox" comment="">goes down by this or more</entry>
		<entry name="capGoesDownByThisPercentOrMore_date" type="ComboBox" comment="">goes down by this percent or more</entry>
		<entry name="capIsGreaterThan_bool" type="ComboBox" comment="">is greater than</entry>
		<entry name="capIsGreaterThanOrEqualTo_bool" type="ComboBox" comment="">is greater than or equal to</entry>
		<entry name="capIsLessThan_bool" type="ComboBox" comment="">is less than</entry>
		<entry name="capIsLessThanOrEqualTo_bool" type="ComboBox" comment="">is less than or equal to</entry>
		<entry name="capEqualsLabel_bool" type="ComboBox" comment="">equals</entry>
		<entry name="capDoesNotEqual_bool" type="ComboBox" comment="">does not equal</entry>
		<entry name="capGoesUpByThisOrMore_bool" type="ComboBox" comment="">goes up by this or more</entry>
		<entry name="capGoesUpByThisPercentOrMore_bool" type="ComboBox" comment="">goes up by this percent or more</entry>
		<entry name="capGoesDownByThisOrMore_bool" type="ComboBox" comment="">goes down by this or more</entry>
		<entry name="capGoesDownByThisPercentOrMore_bool" type="ComboBox" comment="">goes down by this percent or more</entry>
		<entry name="capStatus" type="" comment="">On</entry>
		<entry name="rbOn" type="RadioButton" comment="">On</entry>
		<entry name="rbOff" type="RadioButton" comment="">Off</entry>
		<entry name="capTriggerMsg" type="" comment="">Trigger Message:</entry>
		<entry name="capConditionsMsg" type="" comment="">Conditions:</entry>
		<entry name="FieldName" type="" comment="">FieldValue</entry>
		<entry name="FieldValue" type="" comment="">Value</entry>
		<entry name="TextBlockPrevious" type="" comment="">Previous</entry>
		<entry name="TextBlockFinish" type="" comment="Text displayed inside a button">Finish</entry>
		<entry name="btnCancel" type="Button" comment="">Cancel</entry>
	</area>
	<area name="source/diagnostics/controls/healthparent">
		<entry name="ServicesTab" type="" comment="">Services</entry>
		<entry name="WatchesTab" type="" comment="">Watches</entry>
		<entry name="LogTab" type="" comment="">Log</entry>
		<entry name="SettingsTab" type="" comment="">Settings</entry>
		<entry name="btnClose" type="Button" comment="">Close</entry>
	</area>
	<area name="source/diagnostics/controls/servicescontrol">
		<entry name="RefreshService" type="Menu" comment="">Refresh</entry>
		<entry name="ShowRSS" type="Menu" comment="">Show Details</entry>
		<entry name="GridViewColumn_1" type="" comment="">Status</entry>
		<entry name="GridViewColumn_2" type="" comment="">Service</entry>
		<entry name="GridViewColumn_3" type="" comment="">Details</entry>
		<entry name="GridViewColumn_4" type="" comment="">Duration</entry>
		<entry name="GridViewColumn_5" type="" comment="">URL</entry>
		<entry name="Button_1" type="Button" comment="">Show Detail</entry>
		<entry name="Button_2" type="Button" comment="">Refresh All</entry>
	</area>
	<area name="source/notifications/controls/alertminiview">
		<entry name="capAlertValue" type="" comment="">Value:</entry>
		<entry name="capAlertDate" type="" comment="">Date:</entry>
		<entry name="capAlertFrequency" type="" comment="">Frequency:</entry>
		<entry name="btnEdit" type="Button" comment="">Edit</entry>
		<entry name="btnSource" type="Button" comment="">Source</entry>
	</area>
	<area name="source/diagnostics/controls/servicedetail">
		<entry name="TextBlock_1" type="" comment="">Name: </entry>
		<entry name="TextBlock_3" type="" comment="">Status: </entry>
		<entry name="TextBlock_5" type="" comment="">Details: </entry>
		<entry name="TextBlock_7" type="" comment="">URL: </entry>
		<entry name="TextBlock_9" type="" comment="">Duration: </entry>
		<entry name="TextBlock_11" type="" comment=""></entry>
		<entry name="GridViewColumn_12" type="" comment="">Title</entry>
		<entry name="GridViewColumn_23" type="" comment="">Description</entry>
		<entry name="GridViewColumn_34" type="" comment="">RSS Link</entry>
		<entry name="Copy" type="Button" comment="">Copy Detail</entry>
		<entry name="Copy5" type="ToolTip" comment="">Copy service detail to the clipboard.</entry>
		<entry name="CloseBtn" type="Button" comment="">Close</entry>
	</area>
	<area name="source/diagnostics/controls/watchcontrol">
		<entry name="colEnabledStatus" type="" comment="">On</entry>
		<entry name="colAlertName" type="" comment="">Name</entry>
		<entry name="ColValue" type="" comment="">Value</entry>
		<entry name="ColErrorMsg" type="" comment="">Error Msg</entry>
		<entry name="XMLSize" type="" comment="">Size (Bytes)</entry>
		<entry name="ColAge" type="" comment="">Create Date</entry>
		<entry name="ColLastRun" type="" comment="">Last Run Date</entry>
		<entry name="btnRefresh" type="Button" comment="">Refresh</entry>
		<entry name="btnXmlRequest" type="Button" comment="">Show XML</entry>
		<entry name="ShowManager" type="Button" comment="">Show Manager</entry>
	</area>
	<area name="source/diagnostics/controls/smartxml">
		<entry name="Button_16" type="Button" comment="">Close</entry>
	</area>
	<area name="source/notifications/controls/watchwizard/displaypage">
		<entry name="hdrPrompt7" type="" comment="">Please specify display information for your watch.</entry>
		<entry name="capName" type="" comment="">Name:</entry>
		<entry name="capDescription" type="" comment="">Description:</entry>
		<entry name="chkAddToCanvas" type="CheckBox" comment="">Show chart widget</entry>
		<entry name="chkAddToWatchList" type="CheckBox" comment="">Show in WatchList widget</entry>
		<entry name="capDisplayType" type="" comment="">Chart Type:</entry>
		<entry name="lblMinValue" type="" comment="">Minimum:</entry>
		<entry name="lblMaxValue" type="" comment="">Maximum:</entry>
		<entry name="lblDisplayUnit" type="" comment="">Unit:</entry>
		<entry name="lblLabelColumn" type="" comment="">Record Label:</entry>
		<entry name="lblValueColumns" type="" comment="">Field Label:</entry>
		<entry name="lblNumberOfChartItems" type="" comment="">Number of Items:</entry>
		<entry name="TextBlockNext" type="" comment="Text displayed inside a button">Next</entry>
	</area>
	<area name="source/diagnostics/controls/settingscontrol">
		<entry name="TextBlock_18" type="" comment="">LBI Settings</entry>
		<entry name="TextBlock_2" type="" comment="">LBI Global Settings</entry>
	</area>
	<area name="source/phraselist">
		<entry name="MinumumColumnWidthReached" type="" comment="">Minumum column width reached</entry>
		<entry name="MaximumColumnWidthReached" type="" comment="">Maximum column width reached</entry>
		<entry name="addToFavorites" type="" comment="">Add to Navigator Favorites</entry>
		<entry name="Actions" type="" comment="">Actions</entry>
		<entry name="advanced" type="" comment="">Advanced</entry>
		<entry name="history" type="" comment="">History</entry>
		<entry name="apply" type="" comment="">Apply</entry>
		<entry name="back" type="" comment="">Back</entry>
		<entry name="BadUrlFormat" type="" comment="">Invalid format in requested URL: '{0}'</entry>
		<entry name="cancel" type="" comment="">Cancel</entry>
		<entry name="clockNotation" type="" comment="">Clock Notation</entry>
		<entry name="close" type="" comment="">Close</entry>
		<entry name="createShortcut" type="" comment="">Create Canvas Shortcut</entry>
		<entry name="dashboardHelp" type="" comment="">Dashboard Help</entry>
		<entry name="default" type="" comment="">Default</entry>
		<entry name="done" type="" comment="Done means finished loading. It is a message displayed in the status bar of the Lawson Smart Office window, on the bottom, when content in the page is finished loading.">Done</entry>
		<entry name="FailedToLoadApplication" type="" comment="">Menus from LBI will not be available and LBI programs may not function. Please see client logs for more details.</entry>
		<entry name="general" type="" comment="">General</entry>
		<entry name="Help" type="" comment="">Help</entry>
		<entry name="home" type="" comment="">Home</entry>
		<entry name="hotkeys" type="" comment="">Hotkeys Help</entry>
		<entry name="languageCountry" type="" comment="">Language/Country</entry>
		<entry name="manageNotifications" type="" comment="">Manager</entry>
		<entry name="maximizeWindows" type="" comment="">Always maximize top-level windows</entry>
		<entry name="NoUserContext" type="" comment="">Unable to establish a user context. Possible causes: application server may be unavailable or user may not have proper access.</entry>
		<entry name="myDashboards" type="" comment="">My Dashboards</entry>
		<entry name="myAlerts" type="" comment="">My Watches</entry>
		<entry name="myReports" type="" comment="">My Reports</entry>
		<entry name="capCreateView" type="" comment="">Create View</entry>
		<entry name="newWindow" type="" comment="">New Window</entry>
		<entry name="open" type="" comment="">Open</entry>
		<entry name="ClickToOpenForm" type="" comment="">Click to open original form</entry>
		<entry name="capEdit" type="" comment="">Edit...</entry>
		<entry name="ClickToEditWatch" type="" comment="">Click to edit watch</entry>
		<entry name="capViewHistory" type="" comment="">View History...</entry>
		<entry name="capClickToViewHistory" type="" comment="">Click to view history</entry>
		<entry name="opening" type="" comment="">Opening {0}...</entry>
		<entry name="openingNewWindow" type="" comment="">Opening new window: {0}...</entry>
		<entry name="print" type="" comment="">Print</entry>
		<entry name="profile" type="" comment="">Profile</entry>
		<entry name="refresh" type="" comment="">Refresh</entry>
		<entry name="Related" type="" comment="">Related</entry>
		<entry name="requesting" type="" comment="">Requesting...</entry>
		<entry name="save" type="" comment="">Save</entry>
		<entry name="showChildToolbar" type="" comment="">Show toolbar in child windows</entry>
		<entry name="starting" type="" comment="">{0} starting...</entry>
		<entry name="text" type="" comment="">Text</entry>
		<entry name="timeZone" type="" comment="">Time Zone</entry>
		<entry name="title" type="" comment="">Title</entry>
		<entry name="Tools" type="" comment="">Tools</entry>
		<entry name="userSettings" type="" comment="">User Settings</entry>
		<entry name="ok" type="" comment="">OK</entry>
		<entry name="viewDetails" type="" comment="">Source...</entry>
		<entry name="showDetails" type="" comment="">Show Details...</entry>
		<entry name="Off" type="" comment="">off</entry>
		<entry name="Error" type="" comment="">error</entry>
		<entry name="WatchScheduleOff" type="" comment="">Watch schedule is off. Value may be out of date.</entry>
		<entry name="createNotification" type="" comment="">Create a New Watch</entry>
		<entry name="createWatchTitle" type="" comment="">Create a New Watch</entry>
		<entry name="NotificationsChannel" type="" comment="">Watch Channel</entry>
		<entry name="watchListChannel" type="" comment="">Displays watches in the WatchList.</entry>
		<entry name="LBINotificationsChannel" type="" comment="">LBI Watch Channel</entry>
		<entry name="AlertMiniView" type="Header" comment="">Watch Mini-View</entry>
		<entry name="AlertTypeIs" type="" comment="">Alert Type is : {0}</entry>
		<entry name="NotImplementedMsg" type="" comment="">We're sorry, this feature has not been implemented</entry>
		<entry name="SuccessfulCreateWatchMsg" type="" comment="">The Watch was successfully created!</entry>
		<entry name="SuccessfulEditWatchMsg" type="" comment="">The Watch was edited successfully</entry>
		<entry name="UnsuccessfulCreateWatchInternalMsg" type="" comment="">Error: The Watch was not created due to an internal system error.</entry>
		<entry name="ContextMsgAddToCanvas" type="" comment="">Display on canvas</entry>
		<entry name="ContextMsgAddToWatchList" type="" comment="">Add to WatchList</entry>
		<entry name="ContextMsgRemoveFromWatchList" type="" comment="">Remove</entry>
		<entry name="ContextMsgAddToCanvasDescription" type="" comment="">Click to add item to canvas</entry>
		<entry name="ContextMsgRemoveFromWatchListDescription" type="" comment="">Click to remove item from WatchList</entry>
		<entry name="ContextMsgAddToWatchListDescription" type="" comment="">Click to add item to WatchList</entry>
		<entry name="ContextMsgShowDetailsDescription" type="" comment="">Click to see details</entry>
		<entry name="WatchSetUpSuccessfull" type="" comment="">Your watch has been set up successfully.</entry>
		<entry name="WatchSetUpUnSuccessfull" type="" comment="">There was a system error setting up your watch.</entry>
		<entry name="UnknownHelpType" type="" comment="">Unknown help type: '{0}'.</entry>
		<entry name="GeneralErrorTitle" type="" comment="">Error</entry>
		<entry name="BrokenWatch" type="" comment="">Broken Watch. Unable to update data feed.</entry>
		<entry name="AlertNameMsg" type="" comment="">{0} Alert</entry>
		<entry name="AlertDescMsg" type="" comment="">This is an alert for {0}.</entry>
		<entry name="AlertTriggerMsg" type="" comment="">The alert for {0} has been triggered.</entry>
		<entry name="WatchNameMsg" type="" comment="">{0} Watch</entry>
		<entry name="WatchDescMsg" type="" comment="">This is a watch for "{0}" sourced from "{1} {2}."</entry>
		<entry name="WatchTriggerMsg" type="" comment="">This watch was triggered.</entry>
		<entry name="AlertErrorMsg" type="" comment="">There is an error with this watch.</entry>
		<entry name="toolTipAlertTriggered" type="" comment="">This watch alert has been triggered.</entry>
		<entry name="DeleteAlert" type="" comment="">Delete watch?</entry>
		<entry name="EditAlert" type="" comment="">Edit a watch</entry>
		<entry name="CreateAlert" type="" comment="">Create a watch</entry>
		<entry name="ConfirmDeleteAlert" type="" comment="">Are you sure you want to delete this watch?</entry>
		<entry name="deleteWatch" type="" comment="">Delete watch?</entry>
		<entry name="editWatch" type="" comment="">Edit a Watch</entry>
		<entry name="createWatch" type="" comment="">Create a Watch</entry>
		<entry name="confirmDeleteWatch" type="" comment="">Are you sure you want to delete this watch? This watch will be removed from the canvas.</entry>
		<entry name="confirmDeleteWatchExtended" type="" comment="">Are you sure you want to delete watch "{0}"?{1}This watch and all historical information will be removed from the canvas, WatchList and the inbox.</entry>
		<entry name="confirmMultipleDeleteWatches" type="" comment="">You have chosen to delete "{0}" watches. Do you want to delete all of them ?{1}These watches and all historical informations will be removed from the canvas, WatchList and the inbox.</entry>
		<entry name="getAlertsError" type="" comment="">Error getting current alerts.</entry>
		<entry name="MiniViewTitle" type="" comment="">Watch Mini-View</entry>
		<entry name="ProcessingMessage" type="" comment="">Processing...</entry>
		<entry name="GeneralErrorMsg" type="" comment="">Internal system error - please see log for more details.</entry>
		<entry name="UnsuccessfulDeleteWatchMsg" type="" comment="">Error: The watch was not deleted due to an internal system error.</entry>
		<entry name="NotificationAlertType" type="" comment="">Notification</entry>
		<entry name="WatchAlertType" type="" comment="">Watch</entry>
		<entry name="FrequencyOptionOnce" type="" comment="">Once</entry>
		<entry name="FrequencyOptionHourly" type="" comment="">Hourly</entry>
		<entry name="FrequencyOptionDaily" type="" comment="">Daily</entry>
		<entry name="FrequencyOptionWeekly" type="" comment="">Weekly</entry>
		<entry name="FrequencyOptionMonthly" type="" comment="">Monthly</entry>
		<entry name="DisplayTypeNone" type="" comment="">None</entry>
		<entry name="DisplayTypeGauge" type="" comment="">Gauge</entry>
		<entry name="DisplayTypeLineChart" type="" comment="">Line Chart</entry>
		<entry name="DisplayTypeWatchList" type="" comment="">WatchList</entry>
		<entry name="DisplayTypeRadialGauge1" type="" comment="">Radial Gauge 1</entry>
		<entry name="DisplayTypeRadialGauge2" type="" comment="">Radial Gauge 2</entry>
		<entry name="DisplayTypeCircularGauge1" type="" comment="">Circular Gauge 1</entry>
		<entry name="DisplayTypeHorizontalFillerGuage1" type="" comment="">Horizontal Filler Gauge 1</entry>
		<entry name="DisplayTypeVerticalFillerGauge1" type="" comment="">Vertical Filler Gauge 1</entry>
		<entry name="DisplayTypeVerticalThermometerGauge1" type="" comment="">Vertical Thermometer Gauge 1</entry>
		<entry name="WizardStepDisplay" type="" comment="">Display</entry>
		<entry name="WizardStepSchedule" type="" comment="">Schedule</entry>
		<entry name="WizardStepAlert" type="" comment="">Alert</entry>
		<entry name="WatchCreated" type="" comment="">Watch Created</entry>
		<entry name="WatchUpdated" type="" comment="">Watch Updated</entry>
		<entry name="WizardStepOneofThree" type="" comment="">1 of 3</entry>
		<entry name="WizardStepTwoofThree" type="" comment="">2 of 3</entry>
		<entry name="WizardStepThreeofThree" type="" comment="">3 of 3</entry>
		<entry name="TabbedWizardStepOneOfFive" type="" comment="Text that will display in the status bar">1 of 5</entry>
		<entry name="TabbedWizardStepTwoOfFive" type="" comment="Text that will display in the status bar">2 of 5</entry>
		<entry name="TabbedWizardStepThreeOfFive" type="" comment="Text that will display in the status bar">3 of 5</entry>
		<entry name="TabbedWizardStepFourOfFive" type="" comment="Text that will display in the status bar">4 of 5</entry>
		<entry name="TabbedWizardStepFiveOfFive" type="" comment="Text that will display in the status bar">5 of 5</entry>
		<entry name="LBIWatchChannelGroup" type="" comment="">LBI Watch Channel Group</entry>
		<entry name="LBIWatchChannelGroupDesc" type="" comment="">Group Channel for all LBI watch channels</entry>
	</area>
	<area name="source/diagnostics/controls/logcontrol">
		<entry name="TextBlock_19" type="" comment="">LBI Log File</entry>
	</area>
	<area name="source/notifications/controls/watchwizard/confirmationpage">
		<entry name="SummaryText" type="" comment="">Watch Summary:</entry>
		<entry name="capAlertName" type="" comment="">Name:</entry>
		<entry name="capAlertDescription" type="" comment="">Description:</entry>
		<entry name="capAddToCanvas" type="" comment="">Display on canvas:</entry>
		<entry name="capAddToWatchList" type="" comment="">Display in WatchList:</entry>
		<entry name="capDisplayMinVal" type="" comment="">Display min value:</entry>
		<entry name="capDisplayMaxVal" type="" comment="">Display max value:</entry>
		<entry name="capDisplayUnit" type="" comment="">Display unit:</entry>
		<entry name="capNumberOfChartItems" type="" comment="">Number of chart items:</entry>
		<entry name="capScheduleStatus" type="" comment="">Schedule status:</entry>
		<entry name="capStopRunningOnceTriggered" type="" comment="">Stop running once triggered:</entry>
		<entry name="capAlert" type="" comment="">Alert:</entry>
		<entry name="capTriggerMessage" type="" comment="">Trigger message:</entry>
		<entry name="capConditions" type="" comment="">Conditions:</entry>
	</area>
	<area name="source/notifications/controls/watchwizard/schedulepage">
		<entry name="hdrPrompt10" type="" comment="">Please schedule when your watch collects data.</entry>
		<entry name="capStatus11" type="" comment="">On</entry>
		<entry name="rbON" type="RadioButton" comment="">On</entry>
		<entry name="rbOFF" type="RadioButton" comment="">Off</entry>
		<entry name="capFrequency" type="" comment="">Frequency:</entry>
		<entry name="capStopRule" type="CheckBox" comment="">Stop when alert has triggered.</entry>
	</area>
	<area name="LBI.Client.Notifications.Controls.HistoryData">
		<entry name="capHistoryTitle" type="" comment="">Watch History: {0}</entry>
		<entry name="capShowRecordsByDate" type="TextBlock" comment="">Show records by date range: </entry>
		<entry name="capShowTriggeredRecords" type="CheckBox" comment="">Show records where the alert was triggered</entry>
	</area>
	<area name="source/notifications/controls/manager">
		<entry name="AddToCanvasMenuItem" type="Menu" comment="">Add to Canvas</entry>
		<entry name="MenuItem_1" type="Menu" comment="">Add to Watch List</entry>
		<entry name="hdrHeader" type="" comment="">Manage My Watches</entry>
		<entry name="msgNormal" type="" comment="">This is a list of my watches. To Manage a watch, select it and click a button.</entry>
		<entry name="colLastRunDateTime" type="" comment="">Last Run Date</entry>
		<entry name="colFrequency" type="" comment="">Frequency</entry>
		<entry name="btnView" type="Button" comment="">View</entry>
		<entry name="btnDelete" type="Button" comment="">Delete</entry>
		<entry name="ImportDotted" type="Button" comment="For buttons and menus">Import...</entry>
		<entry name="ExportDotted" type="Button" comment="For buttons and menus">Export...</entry>
		<entry name="ExportStatusBarMessageDotted" type="Button" comment="For the status bar of the manager">Exporting watch...</entry>
		<entry name="ImportStatusBarMessageDotted" type="Button" comment="For the status bar of the manager">Importing watch...</entry>
		<entry name="ExportContextMenuItemHeader" type="ContextMenuItem" comment="Used in the context menu of the manager Export">Export</entry>
		<entry name="ExportToExcelContextMenuItemHeader" type="ContextMenuItem" comment="Used in the context menu of the manager Export=>Export to Excel">Export to Excel</entry>
		<entry name="ExportToXmlContextMenuItemHeader" type="ContextMenuItem" comment="Used in the context menu of the manager Export=>Export to XML">Export to XML</entry>

	</area>
	<area name="source/notifications/controls/watchdata">
		<entry name="watchDataDetails" type="" comment="">Watch Data Details ({0})</entry>
		<entry name="StatusBarMessageStatusComplete" type="" comment="For the status bar of the Data Detail Grid">{0} records watched.  {1} records met the alert condition.</entry>
		<entry name="StatusBarMessageStatusPartial" type="" comment="For the status bar of the Data Detail Grid">Not all data returned.  The maximum number of records watched is {0}.  {1} records met the alert condition.</entry>
		<entry name="dateColumnHeader" type="" comment="Header for date column" >Date</entry>
		<entry name="triggeredColumnHeader" type="" comment="Header for triggered column" >Triggered</entry>
	</area>
	<area name ="source/notification/controls/watchwizard/selectedfieldsmonitorpage">
		<entry name="hdrPrompt11" type="" comment="">Please select the fields to monitor.</entry>
		<entry name="gridviewcolhdr1" type="GirdView" comment="">Available Fields</entry>
		<entry name="gridviewcolhdr2" type="GridView" comment="">Selected Fields</entry>
		<entry name="headermessage" type="" comment="">Selected Fields To Monitor</entry>
		<entry name="AvailableFieldsLeftToRight" type="" comment="">&gt;</entry>
		<entry name="AllAvailableFieldsLeftToRight" type="" comment="">&gt;&gt;</entry>
		<entry name="SelectedFieldsRightToLeft" type="" comment="">&lt;</entry>
		<entry name="AllSelectedFieldsRightToLeft" type="" comment="">&lt;&lt;</entry>
		<entry name="SelectFieldsIsMonitored" type="" comment="">Condition(s) exists for {0} &#40;{1}&#41;{2}Please modify the condition(s) on the condition page before removing it from selected fields. </entry>
		<entry name="SelectFieldsIsMonitored1" type="" comment="">Check the Selected Fields:</entry>
	</area>
	<area name="/Source/PhraseList" />
	<area name="common">
		<entry name="AddToWatchList" type="Context" comment="">Add to WatchList</entry>
	</area>

	<area name="message boxes">
		<entry name="MsgExportToExcelFailure" type="" comment="">Export to Excel failed</entry>
		<entry name="MsgExportToExcelFailurePossibleCause" type="" comment="">Possible cause is: Excel 2007 is not installed.</entry>
	</area>

	<area name="temp - move to appropriate place from here">
		<entry name="MsgUnableToExportList" type="" comment="">Unable to export list to Excel</entry>
		<entry name="CheckLog" type="" comment="">Please check the log file for details.</entry>
		<entry name="AtleastOneFieldRequiredForShowOnCanvas" type="" comment="">At least one field is required in order to display the Watch in a chart or gauge.</entry>
		<entry name="AtleastOneFieldRequiredForShowInWatchList" type="" comment="">At least one field is required in order to display the Watch in the WatchList.</entry>
		<entry name="UnableToRemove" type="" comment="">Unable to remove</entry>
		<entry name="ByRecord" type="" comment="">By Record</entry>
		<entry name="ThisWatchMonitors" type="" comment="">This watch monitors {0}.</entry>
		<entry name="TxtDefaultScheduleRecurrence" type="" comment="">1</entry>
		<entry name="CapSchedulePageAverageSizeOfResponse" type="" comment="">Average size per point: {0} Kb</entry>
		<entry name="AtleastOneFieldRequired" type="" comment="">At the least one field is required to be selected. Please verify the selected field(s) list and try again.</entry>
		<entry name="ConditionExists" type="" comment=""> &#160; &#160; &#160; &#160; &#160; {0} &#40;{1}&#41; is used to define an alert.{2} </entry>
		<entry name="FilterExists" type="" comment=""> &#160; &#160; &#160; &#160; &#160;  {0} &#40;{1}&#41; is used to filter the WatchList widget.{2}</entry>
		<entry name="RecordExists" type="" comment=""> &#160; &#160; &#160; &#160; &#160; {0} &#40;{1}&#41; is used to name records in widgets.{2}</entry>
		<entry name="PleaseRemoveAllFieldReferencesBeforeRemovingAField" type="" comment="">Please remove all field references before removing a field.</entry>
		<entry name="WizardStepWatchlistField" type="" comment="">WatchList</entry>
		<entry name="TabbedWizardStepOneOfSix" type="" comment="">1 of 6</entry>
		<entry name="TabbedWizardStepTwoOfSix" type="" comment="">2 of 6</entry>
		<entry name="TabbedWizardStepThreeOfSix" type="" comment="">3 of 6</entry>
		<entry name="TabbedWizardStepFourOfSix" type="" comment="">4 of 6</entry>
		<entry name="TabbedWizardStepFiveOfSix" type="" comment="">5 of 6</entry>
		<entry name="TabbedWizardStepSixOfSix" type="" comment="">6 of 6</entry>
		<entry name="DataGridStatusBarMessageStatusSingular" type="" comment="">1 record met the alert condition.</entry>
		<entry name="DataGridStatusBarMessageStatus" type="" comment="">{0} records met the alert condition.</entry>
		<entry name="RefreshWatch" type="" comment="">Refresh {0}</entry>
		<entry name="ContextMsgRefreshWatchInWatchListDescription" type="" comment="">Click to refresh item in WatchList</entry>
		<entry name="NoDataAvailable" type="" comment="">No data available.</entry>
		<entry name="NoRecordsChanged" type="" comment="">No records have changed since the last update.</entry>
		<entry name="NoRecordsTriggered" type="" comment="">No records where the alert has triggered.</entry>
		<entry name="NoRecordsMatchFilterCriteria" type="" comment="">No records match the filter criteria.</entry>
		<entry name="CapPleaseSetOptionsForAdvanced" type="" comment="">Please set options for advanced features.</entry>
		<entry name="CapTabShowsHistory" type="" comment="">This tab displays the history collected for this watch.</entry>
		<entry name="CapDisplayHeader" type="" comment="">Display</entry>
		<entry name="lblSource" type="" comment="">Source:</entry>
		<entry name="CapRecurDailyEveryDayLabel" type="" comment="">everyday at</entry>
		<entry name="CapRecurHourlyEveryHourLabel" type="" comment="">every hour, starting at</entry>
		<entry name="CapRecurMonthlyOnTheLabel" type="" comment="">on day</entry>
		<entry name="CapRecurOnceAtExactlyLabel" type="" comment="">at</entry>
		<entry name="CapRecurWeeklyOnEveryLabel" type="" comment="">on every</entry>
		<entry name="HeaderMessageOnScheduleTab" type="" comment="">The number of fields multiplied by the number of records will be the number of data nodes recorded each time your watch collects data.</entry>
		<entry name="CapWizardTabItemHeaderData" type="" comment="">Data</entry>
		<entry name="CapTrafficLightLessThan" type="" comment="">Less than:</entry>
		<entry name="UserPromptContent" type="" comment="">Please select options for the WatchList widget...</entry>
		<entry name="CapWizardTabItemHeaderName" type="" comment="">Name</entry>
		<entry name="NoDataMessage" type="" comment="">Cannot display alert details because it triggered outside of the current display range of watch history.</entry>
		<entry name="CapAdvancedOptionsSubText" type="" comment="">You can choose the fields displayed in widgets.  These fields are from your watch data.  You can set minimum, maximum and traffic light values for each field.</entry>
		<entry name="CapPleaseSetOptionsToDisplayYourWatch" type="" comment="">Please set options to display your watch.</entry>
		<entry name="CapShowInChartWidget" type="" comment="">Show in chart widget</entry>
		<entry name="WidgetSettingsChartContainer" type="DialogTitle" comment="">Settings for Chart</entry>
		<entry name="AllRecordsContent" type="" comment="">All records</entry>
		<entry name="AnyRecordsthathavechangecontent" type="" comment="">Any records that have changed</entry>
		<entry name="AnyRecordWhereTheAlertHasTriggered" type="" comment="">Any record where the alert has triggered</entry>
		<entry name="CapWizardTabItemAdvanced" type="" comment="">Advanced</entry>
		<entry name="CapWizardTabItemHistory" type="" comment="">History</entry>
		<entry name="FilteredRecordsContent" type="" comment="">Filtered records</entry>
		<entry name="CapTrafficLightGreaterThanOrEqualTo" type="" comment="">Greater than or equal to:</entry>
		<entry name="DataTabSubText" type="" comment="">Selected fields will be saved for each record. You can optionally use these fields to define alerts, filter the WatchList and display in widgets.</entry>
		<entry name="CapSchedulePageRecurrenceLabel" type="" comment="Run:">Run:</entry>
		<entry name="CapShowInWatchListWidget" type="" comment="">Show in the WatchList widget</entry>
		<entry name="ComboTop" type="" comment="">Top</entry>
		<entry name="ComboBottom" type="" comment="">Bottom</entry>
		<entry name="CapRecurEndAfterLabel" type="" comment="">stop after</entry>
		<entry name="CapRecurOnceOnDateLabel" type="" comment="">on</entry>
		<entry name="CapTrafficLightSwitchDirection" type="" comment="">Switch Direction</entry>
		<entry name="CapTrafficLighting" type="" comment="">Use traffic lighting</entry>
		<entry name="CapSchedulePageRetainLabel" type="" comment="">Display</entry>
		<entry name="TipRange1To999" type="" comment="">1-999</entry>
		<entry name="TipDisabledTrafficLighting" type="" comment="">You must define display min and display max to use traffic-lighting</entry>
		<entry name="CapRecurDailyDaysLabel" type="" comment="">days</entry>
		<entry name="CapRecurHourlyHoursLabel" type="" comment="">hours</entry>
		<!-- yep this one is mis-spelled -->
		<entry name="ToolTipShedulePageNumberOfResultSetsRange" type="" comment="">1-100</entry>
		<entry name="ToolTipSchedulePageNumberOfResultSetsRangeConfigurable" type="" comment="">1-{0}</entry>
		<entry name="CapRecurMonthlyDayOfEveryMonthLabel" type="" comment="">of every month</entry>
		<entry name="CapRecurWeeklyAtLabel" type="" comment="">at</entry>
		<entry name="CapRecurMonthlyAtLabel" type="" comment="">at</entry>
		<entry name="CapRecurWeeklyWeeksLabel" type="" comment="">weeks</entry>
		<entry name="CapRecurMonthlyMonthsLabel" type="" comment="">months</entry>
		<entry name="Lblselectfields" type="" comment="">Select fields to display in WatchList</entry>
		<entry name="NoOfRecords" type="" comment="">Number of records:</entry>
		<entry name="NoOfFields" type="" comment="">Number of fields per record:</entry>
		<entry name="SizeBytes" type="" comment="">Size:</entry>
		<entry name="CapSchedulePageRetainHistoryLabel" type="" comment="">points of history</entry>

		<entry name="Combo5" type="" comment="">5</entry>
		<entry name="Combo10" type="" comment="">10</entry>
		<entry name="Combo15" type="" comment="">15</entry>
		<entry name="Combo20" type="" comment="">20</entry>
		<entry name="Combo25" type="" comment="">25</entry>
		<entry name="Combo30" type="" comment="">30</entry>

		<entry name="Combo5Percent" type="" comment="">5%</entry>
		<entry name="Combo10Percent" type="" comment="">10%</entry>
		<entry name="Combo15Percent" type="" comment="">15%</entry>
		<entry name="Combo20Percent" type="" comment="">20%</entry>
		<entry name="Combo25Percent" type="" comment="">25%</entry>
		<entry name="Combo30Percent" type="" comment="">30%</entry>

		<entry name="CapTimePickerMinute00Combo" type="" comment="">00</entry>
		<entry name="CapTimePickerMinute15Combo" type="" comment="">15</entry>
		<entry name="CapTimePickerMinute30Combo" type="" comment="">30</entry>
		<entry name="CapTimePickerMinute45Combo" type="" comment="">45</entry>

		<entry name="CapTimePickerAMCombo" type="" comment="">AM</entry>
		<entry name="CapTimePickerPMCombo" type="" comment="">PM</entry>

		<entry name="CapTimePickerHour1Combo" type="" comment="">1</entry>
		<entry name="CapTimePickerHour2Combo" type="" comment="">2</entry>
		<entry name="CapTimePickerHour3Combo" type="" comment="">3</entry>
		<entry name="CapTimePickerHour4Combo" type="" comment="">4</entry>
		<entry name="CapTimePickerHour5Combo" type="" comment="">5</entry>
		<entry name="CapTimePickerHour6Combo" type="" comment="">6</entry>
		<entry name="CapTimePickerHour7Combo" type="" comment="">7</entry>
		<entry name="CapTimePickerHour8Combo" type="" comment="">8</entry>
		<entry name="CapTimePickerHour9Combo" type="" comment="">9</entry>
		<entry name="CapTimePickerHour10Combo" type="" comment="">10</entry>
		<entry name="CapTimePickerHour11Combo" type="" comment="">11</entry>
		<entry name="CapTimePickerHour12Combo" type="" comment="">12</entry>

		<entry name="CapRecurMonthlyDay1Combo" type="" comment="">1</entry>
		<entry name="CapRecurMonthlyDay2Combo" type="" comment="">2</entry>
		<entry name="CapRecurMonthlyDay3Combo" type="" comment="">3</entry>
		<entry name="CapRecurMonthlyDay4Combo" type="" comment="">4</entry>
		<entry name="CapRecurMonthlyDay5Combo" type="" comment="">5</entry>
		<entry name="CapRecurMonthlyDay6Combo" type="" comment="">6</entry>
		<entry name="CapRecurMonthlyDay7Combo" type="" comment="">7</entry>
		<entry name="CapRecurMonthlyDay8Combo" type="" comment="">8</entry>
		<entry name="CapRecurMonthlyDay9Combo" type="" comment="">9</entry>
		<entry name="CapRecurMonthlyDay10Combo" type="" comment="">10</entry>
		<entry name="CapRecurMonthlyDay11Combo" type="" comment="">11</entry>
		<entry name="CapRecurMonthlyDay12Combo" type="" comment="">12</entry>
		<entry name="CapRecurMonthlyDay13Combo" type="" comment="">13</entry>
		<entry name="CapRecurMonthlyDay14Combo" type="" comment="">14</entry>
		<entry name="CapRecurMonthlyDay15Combo" type="" comment="">15</entry>
		<entry name="CapRecurMonthlyDay16Combo" type="" comment="">16</entry>
		<entry name="CapRecurMonthlyDay17Combo" type="" comment="">17</entry>
		<entry name="CapRecurMonthlyDay18Combo" type="" comment="">18</entry>
		<entry name="CapRecurMonthlyDay19Combo" type="" comment="">19</entry>
		<entry name="CapRecurMonthlyDay20Combo" type="" comment="">20</entry>
		<entry name="CapRecurMonthlyDay21Combo" type="" comment="">21</entry>
		<entry name="CapRecurMonthlyDay22Combo" type="" comment="">22</entry>
		<entry name="CapRecurMonthlyDay23Combo" type="" comment="">23</entry>
		<entry name="CapRecurMonthlyDay24Combo" type="" comment="">24</entry>
		<entry name="CapRecurMonthlyDay25Combo" type="" comment="">25</entry>
		<entry name="CapRecurMonthlyDay26Combo" type="" comment="">26</entry>
		<entry name="CapRecurMonthlyDay27Combo" type="" comment="">27</entry>
		<entry name="CapRecurMonthlyDay28Combo" type="" comment="">28</entry>

		<entry name="CapRecurWeeklySundayComboItem" type="" comment="">Sunday</entry>
		<entry name="CapRecurWeeklyMondayComboItem" type="" comment="">Monday</entry>
		<entry name="CapRecurWeeklyTuesdayComboItem" type="" comment="">Tuesday</entry>
		<entry name="CapRecurWeeklyWednesdayComboItem" type="" comment="">Wednesday</entry>
		<entry name="CapRecurWeeklyThursdayComboItem" type="" comment="">Thursday</entry>
		<entry name="CapRecurWeeklyFridayComboItem" type="" comment="">Friday</entry>
		<entry name="CapRecurWeeklySaturdayComboItem" type="" comment="">Saturday</entry>

	</area>
</assembly>