<?xml version="1.0" encoding="utf-8"?>
<assembly name="PF.Client">
	<area name="Common">
		<entry name="Action" type="label" comment="">Action</entry>
		<entry name="AreYouSure" type="message" comment="{0} is the name of an action (user entered value), i.e., Accept, Reject, etc">Are you sure you want to {0} the following?</entry>
		<entry name="CategoryHeader" type="label" comment="">Category</entry>
		<entry name="CheckLog" type="message" comment="">Please check the log file for details.</entry>
		<entry name="ChooseRole" type="message" comment="">Choose a role to see pending work</entry>
		<entry name="ClickForDetails" type="message" comment="">Click to see Details</entry>
		<entry name="ClickToAdd" type="message" comment="used in conjunction with NoMessagesAdded/NoLinksAdded; sample: No Related Links added yet. Click to Add.">Click to Add.</entry>
		<entry name="DateHeader" type="label" comment="">Date</entry>
		<entry name="DueDateHeader" type="label" comment="">Due Date</entry>
		<entry name="ErrorRetrievingHistory" type="message" comment="">Error retrieving Work Unit History.</entry>
		<entry name="ErrorRetrievingRoleDetails" type="message" comment="">Error retrieving Role Details.</entry>
		<entry name="ErrorRetrievingUserSettings" type="" comment="">Error Retrieving User Settings</entry>
		<entry name="ErrorSubmittingRequest" type="message" comment="">Error submitting your request.</entry>
		<entry name="ErrorTakingAction" type="message" comment="{0} is action; {1} is work unit number">Error taking action {0} ({1}).</entry>
		<entry name="From" type="label" comment="">From</entry>
		<entry name="Inbasket" type="label" comment="">Inbasket</entry>
		<entry name="InbasketError" type="message" comment="">Inbasket Error</entry>
		<entry name="InbasketLaunched" type="message" comment="">Inbasket Window launched</entry>
		<entry name="InbasketLoaded" type="message" comment="">Inbasket loaded successfully.</entry>
		<entry name="InvalidTaskRequest" type="message" comment="{0} is task description; {1} is token">{0}: {1} is an invalid task request</entry>
		<entry name="LoadedDetails" type="messages" comment="{0} is work unit title (work unit number)">Details loaded for {0}.</entry>
		<entry name="LoadedWorkUnits" type="message" comment="{0} is data area name; {1} is task name">Work units loaded for {0} : {1}.</entry>
		<entry name="LoadingDetails" type="messages" comment="{0} is work unit title (work unit number)">Details loading for {0}.</entry>
		<entry name="LoadingWorkUnits" type="message" comment="{0} is data area name; {1} is task name">Work units loading for {0} : {1}.</entry>
		<entry name="MessageLabel" type="label" comment="">Content</entry>
		<entry name="MissingQuery" type="message" comment="">This task requires an argument</entry>
		<entry name="MsgNoDataAreas" type="message" comment="">Unable to load data areas for this server.</entry>
		<entry name="MsgNoServices" type="message" comment="">Unable to create Inbasket services. Possible causes: the profile does not contain valid server entries.</entry>
		<entry name="MsgNoTasks" type="message" comment="">Unable to load tasks for this server.</entry>
		<entry name="MsgNoUserContext" type="message" comment="">Unable to establish a user context. Possible causes: application server may be unavailable or user may not have proper access.</entry>
		<entry name="MsgUnableToCreateUri" type="message" comment="{0} is work unit number; {1} is url string">Work unit {0}; Unable to create a uri for {1}.</entry>
		<entry name="NA" type="label" comment="displayed if a value is not available">n/a</entry>
		<entry name="NoCommonActions" type="message" comment="">No Common Actions Exist...</entry>
		<entry name="NoRoleSelected" type="nessage" comment="">No Role Selected</entry>
		<entry name="NoTitle" type="label" comment="displayed if a title value is not available">[No Title Specified]</entry>
		<entry name="NoWorkPending" type="message" comment="{0} is data area name; {1} is task name">No work pending for {0} : {1}.</entry>
		<entry name="OpenedNewWindow" type="message" comment="">Opened new window...</entry>
		<entry name="OpeningNewWindow" type="message" comment="">Opening new window...</entry>
		<entry name="OriginatorHeader" type="label" comment="">Originator</entry>
		<entry name="ProcessFlow" type="" comment="Should not be translated">Process Server</entry>
		<entry name="ProductLineHeader" type="label" comment="">Product Line</entry>
		<entry name="Refreshing" type="message" comment="">Refreshing Inbasket Data</entry>
		<entry name="SelectRoleToSort" type="message" comment="">Please select a role prior to sorting.</entry>
		<entry name="SelectSingleRole" type="message" comment="">Select a Single Work Unit to View Specific Details</entry>
		<entry name="StartDateHeader" type="label" comment="">Start Date</entry>
		<entry name="Starting" type="message" comment="displayed when task is starting; sample: Inbasket Starting">Starting</entry>
		<entry name="SubmitActions" type="message" comment="">Submit action(s)?</entry>
		<entry name="TaskListLoaded" type="message" comment="">Task list loaded successfully.</entry>
		<entry name="TaskListTitle" type="label" comment="">Roles</entry>
		<entry name="TimeHeader" type="label" comment="">Time</entry>
		<entry name="UnableToLaunch" type="message" comment="{0} is name of form">Error launching {0}.</entry>
		<entry name="WorkTitleHeader" type="label" comment="">Work Title</entry>
		<entry name="WorkUnitHeader" type="label" comment="">Work Unit</entry>
	</area>
	<area name="AdministrationTask">
		<entry name="Administration" type="label" comment="used in the Navigator">Administration</entry>
		<entry name="InbasketAdmin" type="label" comment="">Inbasket Administration</entry>
		<entry name="UnableLaunchAdminTask" type="message" comment="used in the Navigator">Unable to launch Inbasket Administration task.</entry>
	</area>
	<area name="TrackingTask">
		<entry name="Tracking" type="label" comment="used in the Navigator">Tracking</entry>
		<entry name="InbasketTrack" type="label" comment="">Inbasket Tracking</entry>
		<entry name="UnableLaunchTrackTask" type="message" comment="used in the Navigator">Unable to launch Inbasket Tracking task.</entry>
	</area>
	<area name="DetailsTab">
		<entry name="CouldNotParseDisplay" type="message" comment="DisplayExec should not be translated">Could Not Parse DisplayExec Definition</entry>
		<entry name="Details" type="label" comment="">Details</entry>
		<entry name="EmptyResultSet" type="message" comment="">Contains an empty result set.</entry>
		<entry name="FormLaunched" type="message" comment="{0} is form name">{0} launched.</entry>
		<entry name="InvalidWebLink" type="message" comment="DisplayExec should not be translated">Invalid WebLink in DisplayExec.</entry>
		<entry name="QueryFieldNotFound" type="message" comment="">Specified Field Name not found in</entry>
		<entry name="QueryIsInvalid" type="message" comment="{0} is name of the query">"{0} is invalid"</entry>
	</area>
	<area name="HistoryTab">
		<entry name="ActionDetails" type="label" comment="">Action Details</entry>
		<entry name="Days" type="label" comment="used for TimeoutDuration as in Timeout Duration: xx Days">Days</entry>
		<entry name="EndDateHeader" type="label" comment="">End Date</entry>
		<entry name="FinalAction" type="label" comment="">Final Action</entry>
		<entry name="FinalActionPending" type="label" comment="">Final Action Pending</entry>
		<entry name="History" type="label" comment="">History</entry>
		<entry name="HistoryActionDateHeader" type="label" comment="">Action Date</entry>
		<entry name="HistoryActionHeader" type="label" comment="">Action</entry>
		<entry name="HistoryEmailHeader" type="label" comment="">Email</entry>
		<entry name="HistoryTaskHeader" type="label" comment="">Task</entry>
		<entry name="HistoryUserHeader" type="label" comment="">User</entry>
		<entry name="HistoryUserIdHeader" type="label" comment="">User Id</entry>
		<entry name="Hours" type="label" comment="used for TimeoutDuration as in Timeout Duration: xx Hours">Hours</entry>
		<entry name="Level" type="label" comment="">Level</entry>
		<entry name="NodeType" type="label" comment="">Node Type</entry>
		<entry name="OnFail" type="label" comment="">On Fail</entry>
		<entry name="Pending" type="label" comment="">Pending</entry>
		<entry name="ProceedAll" type="message" comment="">All recipients take the same action</entry>
		<entry name="ProceedAny" type="message" comment="">Any one recipient takes an action</entry>
		<entry name="ProceedingLogic" type="label" comment="">Proceeding Logic</entry>
		<entry name="ProceedPercentage" type="message" comment="">Proceed Percentage</entry>
		<entry name="ProceedSame" type="message" comment="">Percentage of recipients take the same action</entry>
		<entry name="ProceedSpecific" type="message" comment="{0} is the name of an action, i.e., Approved, Rejected, etc">Percentage of recipients take the action {0}</entry>
		<entry name="ProceedType" type="label" comment="">Proceed Type</entry>
		<entry name="SendEmailTo" type="label" comment="">Send Email To</entry>
		<entry name="ShowAllPartipants" type="label" comment="">Show all Particpants</entry>
		<entry name="TakenOn" type="message" comment="{0} is Action (user entered value), {1} is date, {2} is node type, {3} is level; sample: Approval taken on 09/15/2009 (UA1)">{0} taken on {1} ({2}{3})</entry>
		<entry name="TimeoutAction" type="label" comment="">Timeout Action</entry>
		<entry name="TimeoutDuration" type="label" comment="">Timeout Duration</entry>
		<entry name="TimeoutLogic" type="label" comment="">Timeout Logic</entry>
	</area>
	<area name="MenuItemsButtons">
		<entry name="AddToFavorites" type="menuitem" comment="">Add to Navigator Favorites</entry>
		<entry name="Bookmarks" type="menuitem" comment="">Bookmarks</entry>
		<entry name="CreateShortcut" type="menuitem" comment="">Create Canvas Shortcut</entry>
		<entry name="InbasketChannel" type="tooltip" comment="">Workflow Messages</entry>
		<entry name="InbasketChannelDescription" type="tooltip" comment="Process Server should not be translated">Subscribing to the Workflow messages allows you to interact with the Process Server work items assigned to you directly.</entry>
		<entry name="OpenNewWindow" type="menuitem" comment="">New Window</entry>
		<entry name="SetDefaultRole" type="menuitem" comment="{0} is a name of a role/task">Set {0} as Default Role</entry>
		<entry name="Sort" type="menuitem" comment="">Sort By</entry>
		<entry name="TakeActions" type="button" comment="">Take Action</entry>
		<entry name="UserSettings" type="menuitem" comment="">User Settings</entry>
	</area>
	<area name="MessagesTab">
		<entry name="AddMessage" type="button/dialog window title" comment="">New Message</entry>
		<entry name="ErrorSubmittingMessage" type="message" comment="">Error adding your message.</entry>
		<entry name="MessageContentEmpty" type="message" comment="">Message Content cannot be empty.</entry>
		<entry name="Messages" type="label" comment="">Messages</entry>
		<entry name="MessageHeader" type="label" comment="">Content</entry>
		<entry name="MessageIdDuplicate" type="message" comment="">Message Subject is a duplicate.</entry>
		<entry name="MessageIdEmpty" type="message" comment="">Message Subject cannot be empty.</entry>
		<entry name="MessageIdTooLong" type="message" comment="">Message Subject cannot be more than 10 characters long.</entry>
		<entry name="NoMessagesAdded" type="message" comment="">No Messages added yet.</entry>
		<entry name="Subject" type="label" comment="">Subject</entry>
		<entry name="SubjectLabel" type="label" comment="">Subject</entry>
	</area>
	<area name="RelatedLinksTab">
		<entry name="AddLink" type="button" comment="">New Link</entry>
		<entry name="AddRelatedLink" type="dialog window title" comment="">Add New Related Link</entry>
		<entry name="AttachedBy" type="label" comment="">Attached By</entry>
		<entry name="ErrorSubmittingRelatedLink" type="message" comment="">Error adding your related link.</entry>
		<entry name="File" type="label" comment="">File Name</entry>
		<entry name="Form" type="label" comment="">Form Name</entry>
		<entry name="Name" type="label" comment="">Name</entry>
		<entry name="NameLabel" type="label" comment="">Name</entry>
		<entry name="NoLinksAdded" type="message" comment="">No Related Links added yet.</entry>
		<entry name="RelatedLinkContentEmpty" type="message" comment="">Content cannot be empty.</entry>
		<entry name="RelatedLinkNameEmpty" type="message" comment="">Name cannot be empty.</entry>
		<entry name="RelatedLinks" type="label" comment="">Related Links</entry>
		<entry name="RelatedLinkType" type="label" comment="">Type</entry>
		<entry name="RelatedLinkTypeEmpty" type="message" comment="">Type cannot be empty.</entry>
	</area>
	<area name="RelatedLinkTypes">
		<entry name="RelatedLinkLM" type="" comment="Used in a combo box to make a selection">Landmark</entry>
		<entry name="RelatedLinkM3" type="" comment="Used in a combo box to make a selection">M3 Application</entry>
		<entry name="RelatedLinkS3" type="" comment="Used in a combo box to make a selection">S3 Application</entry>
		<entry name="RelatedLinkUrl" type="" comment="Used in a combo box to make a selection">Url</entry>
	</area>
	<area name="SubmitActionDialog">
		<entry name="Reason" type="label" comment="">Reason Code</entry>
	</area>
	<area name="UserSettingsWindow">
		<entry name="DefaultDataArea" type="label" comment="">Default Data Area</entry>
		<entry name="DefaultRole" type="label" comment="">Default Role</entry>
		<entry name="DefaultServer" type="label" comment="">Default Server</entry>
		<entry name="DisplayServer" type="Label" comment="">Display server in window title</entry>
		<entry name="DisplayWorkUnit" type="label" comment="">Display Work Unit Number</entry>
		<entry name="Profile" type="label" comment="">Profile</entry>
	</area>
</assembly>